Blue Plaid	Men’s Slim-Fit Blue Plaid Casual Shirt	checked collection	BL-SH-013-W/O-042	FIT:Regular fit   Available Sizes: S, M, L, XL,XXL	Upgrade your everyday wardrobe with this Men’s Slim-Fit Blue Plaid Casual Shirt, designed		"Fabric: 100% Cotton

Fit: Tailored Fit

Sleeves: Full

Collar: Spread Collar

Pocket: One with logo embroidery

Occasion: Formal & Casual

"	1099	350		https://www.dropbox.com/scl/fo/ph838qxiulf2gr8tcqgfs/ABg1iOlDBCJI0VxZHbXuwWI/1?dl=0&rlkey=e5vujghvz6yuxc4ocrgev533d&subfolder_nav_tracking=1	https://imagekit.io/dashboard/media-library/L05ldyBQcm9kdWN0cy83NQ
Grey Pinstrip	Grey Pinstripe Cotton Shirt	office collection	BL-SH-013	FIT:Regular fit   Available Sizes: S, M, L, XL,XXL	"A sleek, premium cotton shirt featuring subtle white pinstripes for a refined look. Soft, breathable, and perfectly tailored 

"	Classic Spread Collar 100% Cotton Casual Shirt – Regular Fit	"Color: Grey with White Pinstripes

Fabric: 100% Premium Cotton

Fit: Tailored Fit

Sleeves: Full

Collar: Classic Spread Collar

Pocket: One chest pocket with embroidered logo

Pattern: Vertical Pinstripes

Occasion: Formal & Smart Casual"	1549	330		https://www.dropbox.com/scl/fo/ph838qxiulf2gr8tcqgfs/AMB6jeeS0w59bzjT1IsO9Ps/60?dl=0&rlkey=e5vujghvz6yuxc4ocrgev533d&subfolder_nav_tracking=1	https://imagekit.io/dashboard/media-library/L05ldyBGb2xkZXIgMS8x
Teal Blue	Teal Blue Premium Cotton Shirt	party wear collection	BL-SH-013-W/O-042	FIT:Regular fit   Available Sizes: S, M, L, XL,XXL	Men’s Teal Blue Premium Cotton Shirt with Full Sleeves, Tailored Fit, Spread Collar & Chest Pocket	Classic Spread Collar 100% Cotton Casual Shirt – Regular Fit	"Brand Fit Name: Classic
Collar: Spread Collar
Placket: Button Placket
Placket Length: Full
Length: Long Sleeves

"	1599	330		https://www.dropbox.com/scl/fo/ph838qxiulf2gr8tcqgfs/AD7MkEVKLYDg8zN-TDXUZs8/59?dl=0&rlkey=e5vujghvz6yuxc4ocrgev533d&subfolder_nav_tracking=1	https://imagekit.io/dashboard/media-library/L05ldyBGb2xkZXIgMS8z
Maroon	Maroon Premium Cotton Shirt	office collection	BL-SH-013-W/O-042	FIT:Regular fit   Available Sizes: S, M, L, XL,XXL	en’s Maroon Premium Cotton Shirt with Full Sleeves, Tailored Fit, Spread Collar & Chest Pocket	Classic Spread Collar 100% Cotton Casual Shirt – Regular Fit	"Color: Maroon

Fabric: 100% Premium Cotton

Fit: Tailored Fit

Sleeves: Full Sleeves

Collar: Classic Spread Collar

Pocket: One Chest Pocket with Logo Embroidery

Closure: Button Front

Occasion: Formal & Casual Wear

"	1099	330		https://www.dropbox.com/scl/fo/ph838qxiulf2gr8tcqgfs/AOBDX7yHyPCia_XAWXotms0/57?dl=0&rlkey=e5vujghvz6yuxc4ocrgev533d&subfolder_nav_tracking=1	https://imagekit.io/dashboard/media-library/L05ldyBGb2xkZXIgMS80
Men’s Yellow	Men’s Yellow Premium Cotton Shirt	office collection	BL-SH-013-W/O-042	FIT:Regular fit   Available Sizes: S, M, L, XL,XXL	Men’s Yellow Premium Cotton Shirt with Full Sleeves, Tailored Fit, Spread Collar & Chest Pocket	Classic Spread Collar 100% Cotton Casual Shirt – Regular Fit	"Brand Fit Name: Classic
Collar: Spread Collar
Placket: Button Placket
Placket Length: Full
Length: Long Sleeves

"	1099	330		https://www.dropbox.com/scl/fo/ph838qxiulf2gr8tcqgfs/AJbp0VF7OlXmQyjBPNd6zSY/56?dl=0&rlkey=e5vujghvz6yuxc4ocrgev533d&subfolder_nav_tracking=1	https://imagekit.io/dashboard/media-library/L05ldyBGb2xkZXIgMS81
Light Yellow	Men’s Light Yellow Solid Cotton Shirt	office collection	BL-SH-013-W/O-042	FIT:Regular fit   Available Sizes: S, M, L, XL,XXL	Men’s Yellow Premium Cotton Shirt with Full Sleeves, Tailored Fit, Spread Collar & Chest Pocket	Classic Spread Collar 100% Cotton Casual Shirt – Regular Fit	"Brand Fit Name: Classic
Collar: Spread Collar
Placket: Button Placket
Placket Length: Full
Length: Long Sleeves

"	1099	330		https://www.dropbox.com/scl/fo/ph838qxiulf2gr8tcqgfs/AJVXz7xaU4KdagjI6y4f7Y4/43?dl=0&rlkey=e5vujghvz6yuxc4ocrgev533d&subfolder_nav_tracking=1	https://imagekit.io/dashboard/media-library/L05ldyBGb2xkZXIgMS82
Brown & Black	Men’s Brown & Black Checked Cotton Casual Shirt 	checked collection	BL-SH-026-W/O-046	FIT:Regular fit   Available Sizes: S, M, L, XL,XXL	Men’s Brown & Black Checked Cotton Casual Shirt with Full Sleeves, Spread Collar & Dual Chest Pockets	Classic Spread Collar 100% Cotton Casual Shirt – Regular Fit	"Brand Fit Name: Classic
Collar: Spread Collar
Placket: Button Placket
Placket Length: Full
Length: Long Sleeves

"	2399	350		https://www.dropbox.com/scl/fo/ph838qxiulf2gr8tcqgfs/AChWzfn4R2_7_E3q05AJ_Yc/55?dl=0&rlkey=e5vujghvz6yuxc4ocrgev533d&subfolder_nav_tracking=1	https://imagekit.io/dashboard/media-library/L05ldyBGb2xkZXIgMS83
Dark Green	Men’s Dark Green Premium Cotton Shirt 	office collection	BL-SH-013-W/O-042	FIT:Regular fit   Available Sizes: S, M, L, XL,XXL	Men’s Dark Green Premium Cotton Shirt with Full Sleeves, Tailored Fit, Spread Collar & Chest Pocket	Classic Spread Collar 100% Cotton Casual Shirt – Regular Fit	"Brand Fit Name: Classic
Collar: Spread Collar
Placket: Button Placket
Placket Length: Full
Length: Long Sleeves

"	1099	330		https://www.dropbox.com/scl/fo/ph838qxiulf2gr8tcqgfs/AIBCPaPeOmelwzFL06wOgaM/54?dl=0&rlkey=e5vujghvz6yuxc4ocrgev533d&subfolder_nav_tracking=1	https://imagekit.io/dashboard/media-library/L05ldyBGb2xkZXIgMS84
Navy Blue	Men’s Navy Blue Premium Cotton Shirt 	office collection	BL-SH-013-W/O-042	FIT:Regular fit   Available Sizes: S, M, L, XL,XXL	A classic navy blue shirt crafted from soft, premium cotton for all-day comfort and style. Its tailored fit and minimal design make it a versatile choice for both work and casual wear	Classic Spread Collar 100% Cotton Casual Shirt – Regular Fit	"Brand Fit Name: Classic
Collar: Spread Collar
Placket: Button Placket
Placket Length: Full
Length: Long Sleeves

"	1099	330		https://www.dropbox.com/scl/fo/ph838qxiulf2gr8tcqgfs/AMb1-OEViwipb-mFeuM5ABY/53?dl=0&rlkey=e5vujghvz6yuxc4ocrgev533d&subfolder_nav_tracking=1	https://imagekit.io/dashboard/media-library/L05ldyBGb2xkZXIgMS8gOQ
Brown & Black 	Men’s Brown & Black Checked Cotton Casual Shirt 	checked collection	BL-SH-026-W/O-047	FIT:Regular fit   Available Sizes: S, M, L, XL,XXL	A stylish brown and black checked shirt crafted from soft, breathable cotton. Designed for comfort and versatility, it’s perfect for casual outings, weekend wear, or layering during cooler days.	Classic Spread Collar 100% Cotton Casual Shirt – Regular Fit	"Brand Fit Name: Classic
Collar: Spread Collar
Placket: Button Placket
Placket Length: Full
Length: Long Sleeves

"	2499	350			
Solid Black	Men’s Solid Black Premium Cotton Shirt 	casual collection	BL-SH-013-W/O-042	FIT:Regular fit   Available Sizes: S, M, L, XL,XXL	A classic black shirt crafted from premium cotton for a sleek, versatile look. With its tailored fit and clean design, it’s perfect for both formal occasions and casual outings.	Classic Spread Collar 100% Cotton Casual Shirt – Regular Fit	"Brand Fit Name: Classic
Collar: Spread Collar
Placket: Button Placket
Placket Length: Full
Length: Long Sleeves

"	1099	350		https://www.dropbox.com/scl/fo/ph838qxiulf2gr8tcqgfs/AIBCPaPeOmelwzFL06wOgaM/54?dl=0&rlkey=e5vujghvz6yuxc4ocrgev533d&subfolder_nav_tracking=1	https://imagekit.io/dashboard/media-library/L05ldyBGb2xkZXIgMS8xMA
Maroon	Men’s Maroon Striped Cotton Casual Shirt 	casual collection	BL-SH-021	FIT:Regular fit   Available Sizes: S, M, L, XL,XXL	A refined maroon textured shirt designed for style and comfort. Made from soft, breathable cotton with subtle detailing, it’s perfect for smart-casual occasions or weekend outings.	Classic Spread Collar 100% Cotton Casual Shirt – Regular Fit	"Brand Fit Name: Classic
Collar: Spread Collar
Placket: Button Placket
Placket Length: Full
Length: Long Sleeves

"	2599	350		https://www.dropbox.com/scl/fo/ph838qxiulf2gr8tcqgfs/AEZpnrffml2Dx8-VgtggAU4/51?dl=0&rlkey=e5vujghvz6yuxc4ocrgev533d&subfolder_nav_tracking=1	https://imagekit.io/dashboard/media-library/L05ldyBGb2xkZXIgMS8xMw
Brown 	Men’s Brown Textured Striped Cotton Casual Shirt 	casual collection	BL-SH-021	FIT:Regular fit   Available Sizes: S, M, L, XL,XXL	A refined brown striped shirt crafted from soft, breathable cotton for effortless style and comfort. Its subtle texture and classic design make it perfect for casual days or semi-formal occasions.	Classic Spread Collar 100% Cotton Casual Shirt – Regular Fit	"Brand Fit Name: Classic
Collar: Spread Collar
Placket: Button Placket
Placket Length: Full
Length: Long Sleeves

"	2599	350		https://www.dropbox.com/scl/fo/ph838qxiulf2gr8tcqgfs/AIz1JCEVZleWNxzKqIGpanI/48?dl=0&rlkey=e5vujghvz6yuxc4ocrgev533d&subfolder_nav_tracking=1	https://imagekit.io/dashboard/media-library/L05ldyBGb2xkZXIgMS8xNA
 Peach	Men’s Peach Premium Cotton Shirt 	office collection	BL-SH-013-W/O-042	FIT:Regular fit   Available Sizes: S, M, L, XL,XXL	A stylish peach shirt made from soft, premium cotton for unmatched comfort and versatility. With its tailored fit and clean design, it’s perfect for both office days and casual outings.	Classic Spread Collar 100% Cotton Casual Shirt – Regular Fit	"Brand Fit Name: Classic
Collar: Spread Collar
Placket: Button Placket
Placket Length: Full
Length: Long Sleeves

"	1099	330		https://www.dropbox.com/scl/fo/ph838qxiulf2gr8tcqgfs/AAYirTkDMphB9gLhPpOuyO8/47?dl=0&rlkey=e5vujghvz6yuxc4ocrgev533d&subfolder_nav_tracking=1	https://imagekit.io/dashboard/media-library/L05ldyBGb2xkZXIgMS8xNg
 White	Men’s White Premium Cotton Shirt 	office collection	BL-SH-013-W/O-042	FIT:Regular fit   Available Sizes: S, M, L, XL,XXL	A timeless white shirt crafted from premium cotton for ultimate comfort and sophistication. Designed with a tailored fit, it’s perfect for formal occasions, office wear	Classic Spread Collar 100% Cotton Casual Shirt – Regular Fit	"Brand Fit Name: Classic
Collar: Spread Collar
Placket: Button Placket
Placket Length: Full
Length: Long Sleeves

"	1099	330		https://www.dropbox.com/scl/fo/ph838qxiulf2gr8tcqgfs/AHh9tkMLaNuIvcT4lisvn-M/45?dl=0&rlkey=e5vujghvz6yuxc4ocrgev533d&subfolder_nav_tracking=1	https://imagekit.io/dashboard/media-library/L05ldyBGb2xkZXIgMS8xNw
Black	Men’s Black Premium Cotton Shirt	party wear collection	BL-SH-013-W/O-020	FIT:Regular fit   Available Sizes: S, M, L, XL,XXL	Men’s Black Premium Cotton Shirt with Full Sleeves, Tailored Fit, and Spread Collar	Classic Spread Collar 100% Cotton Casual Shirt – Regular Fit	"Brand Fit Name: Classic
Collar: Spread Collar
Placket: Button Placket
Placket Length: Full
Length: Long Sleeves

"	1549	430		https://www.dropbox.com/scl/fo/9tkykgorgakc6kq2s2wa2/AP65QYUY75nNkdQMrO336QQ/45?dl=0&rlkey=4fphhjfm73j0awk6xckj00dev&subfolder_nav_tracking=1	https://imagekit.io/dashboard/media-library/L05ldyBGb2xkZXIgMS8xOA
 White	Men’s White Striped Cotton Shirt	office collection	BL-SH-021	FIT:Regular fit   Available Sizes: S, M, L, XL,XXL	Men’s White Striped Cotton Shirt with Full Sleeves, Tailored Fit & Spread Collar	Classic Spread Collar 100% Cotton Casual Shirt – Regular Fit	"Brand Fit Name: Classic
Collar: Spread Collar
Placket: Button Placket
Placket Length: Full
Length: Long Sleeves

"	2599	430		https://www.dropbox.com/scl/fo/9tkykgorgakc6kq2s2wa2/ACzqszWhNJ8YFQwiiFxSKek/41?dl=0&rlkey=4fphhjfm73j0awk6xckj00dev&subfolder_nav_tracking=1	https://imagekit.io/dashboard/media-library/L05ldyBGb2xkZXIgMS8xOQ
Grey	Men’s Grey Premium Cotton Shirt	party wear collection	BL-SH-013-W/O-020	FIT:Regular fit   Available Sizes: S, M, L, XL,XXL	Men’s Grey Premium Cotton Shirt with Full Sleeves, Tailored Fit & Spread Collar	Classic Spread Collar 100% Cotton Casual Shirt – Regular Fit	"Brand Fit Name: Classic
Collar: Spread Collar
Placket: Button Placket
Placket Length: Full
Length: Long Sleeves

"	1549	430		https://www.dropbox.com/scl/fo/9tkykgorgakc6kq2s2wa2/AKQqML2fYPXOBZNPtBrx4Uw/44?dl=0&rlkey=4fphhjfm73j0awk6xckj00dev&subfolder_nav_tracking=1	https://imagekit.io/dashboard/media-library/L05ldyBGb2xkZXIgMS8yMA
 white	Men’s white Premium Cotton Shirt	office collection	BL-SH-013-W/O-020	FIT:Regular fit   Available Sizes: S, M, L, XL,XXL	Men’s White Premium Cotton Shirt with Full Sleeves, Tailored Fit & Spread Collar	Classic Spread Collar 100% Cotton Casual Shirt – Regular Fit	"Brand Fit Name: Classic
Collar: Spread Collar
Placket: Button Placket
Placket Length: Full
Length: Long Sleeves

"	1549	430		https://www.dropbox.com/scl/fo/9tkykgorgakc6kq2s2wa2/AKCtoniyWXRmSUkDYvAD5xc/40?dl=0&rlkey=4fphhjfm73j0awk6xckj00dev&subfolder_nav_tracking=1	https://imagekit.io/dashboard/media-library/L05ldyBGb2xkZXIgMS8yMQ
 Grey & White	Men’s Grey & White Striped Cotton Shirt	office collection	BL-SH-014	FIT:Regular fit   Available Sizes: S, M, L, XL,XXL	Men’s Grey & White Striped Cotton Shirt with Full Sleeves, Tailored Fit & Spread Collar	Classic Spread Collar 100% Cotton Casual Shirt – Regular Fit	"Brand Fit Name: Classic
Collar: Spread Collar
Placket: Button Placket
Placket Length: Full
Length: Long Sleeves

"	1999	330		https://www.dropbox.com/scl/fo/9tkykgorgakc6kq2s2wa2/AAjyLGWz1c8xiCVxYkWLjI4/42?dl=0&rlkey=4fphhjfm73j0awk6xckj00dev&subfolder_nav_tracking=1	https://imagekit.io/dashboard/media-library/L05ldyBGb2xkZXIgMS8yMg
Maroon 	Men’s Maroon Premium Cotton Shirt	party wear collection	BL-SH-013-W/O-020	FIT:Regular fit   Available Sizes: S, M, L, XL,XXL	Men’s Maroon Premium Cotton Shirt with Full Sleeves, Tailored Fit & Spread Collar	Classic Spread Collar 100% Cotton Casual Shirt – Regular Fit	"Brand Fit Name: Classic
Collar: Spread Collar
Placket: Button Placket
Placket Length: Full
Length: Long Sleeves

"	2599	430		https://www.dropbox.com/scl/fo/9tkykgorgakc6kq2s2wa2/AObplB7YRzttE5mV5mL1vVY/39?dl=0&rlkey=4fphhjfm73j0awk6xckj00dev&subfolder_nav_tracking=1	https://imagekit.io/dashboard/media-library/L05ldyBGb2xkZXIgMS8yMw
 Sky Blue	Men’s Sky Blue Premium Cotton Shirt	office collection	BL-SH-019	FIT:Regular fit   Available Sizes: S, M, L, XL,XXL	Men’s Sky Blue Premium Cotton Shirt with Full Sleeves, Tailored Fit & Spread Collar	Classic Spread Collar 100% Cotton Casual Shirt – Regular Fit	"Brand Fit Name: Classic
Collar: Spread Collar
Placket: Button Placket
Placket Length: Full
Length: Long Sleeves

"	1999	330		https://www.dropbox.com/scl/fo/9tkykgorgakc6kq2s2wa2/AJ20OlaChoe5QSON-aDOZwo/37?dl=0&rlkey=4fphhjfm73j0awk6xckj00dev&subfolder_nav_tracking=1	https://imagekit.io/dashboard/media-library/L05ldyBGb2xkZXIgMS8yNA
Light Blue 	Men’s Light Blue Striped Cotton Shirt	office collection	BL-SH-015	FIT:Regular fit   Available Sizes: S, M, L, XL,XXL	Men’s Light Blue Striped Cotton Shirt with Full Sleeves, Tailored Fit & Spread Collar	Classic Spread Collar 100% Cotton Casual Shirt – Regular Fit	"Brand Fit Name: Classic
Collar: Spread Collar
Placket: Button Placket
Placket Length: Full
Length: Long Sleeves

"	1949	330		https://www.dropbox.com/scl/fo/9tkykgorgakc6kq2s2wa2/AOilAKpeD10pRdtAv1PzAKQ/36?dl=0&rlkey=4fphhjfm73j0awk6xckj00dev&subfolder_nav_tracking=1	https://imagekit.io/dashboard/media-library/L05ldyBGb2xkZXIgMS8yNQ
White 	Men’s White Pinstriped Cotton	office collection	BL-SH-015	FIT:Regular fit   Available Sizes: S, M, L, XL,XXL	Men’s White Pinstriped Cotton Shirt with Full Sleeves, Tailored Fit & Spread Collar	Classic Spread Collar 100% Cotton Casual Shirt – Regular Fit	"Brand Fit Name: Classic
Collar: Spread Collar
Placket: Button Placket
Placket Length: Full
Length: Long Sleeves

"	1949	330		https://www.dropbox.com/scl/fo/9tkykgorgakc6kq2s2wa2/APIc0IxhKIos-aDfgvrgPvE/33?dl=0&rlkey=4fphhjfm73j0awk6xckj00dev&subfolder_nav_tracking=1	https://imagekit.io/dashboard/media-library/L05ldyBGb2xkZXIgMS8yNg
White 	Men’s White Textured Cotton Shirt	office collection	BL-SH-019	FIT:Regular fit   Available Sizes: S, M, L, XL,XXL	Men’s White Textured Cotton Shirt with Full Sleeves, Tailored Fit & Spread Collar	Classic Spread Collar 100% Cotton Casual Shirt – Regular Fit	"Brand Fit Name: Classic
Collar: Spread Collar
Placket: Button Placket
Placket Length: Full
Length: Long Sleeves

"	1999	330		https://www.dropbox.com/scl/fo/9tkykgorgakc6kq2s2wa2/ALxCMzizwn27qgZzYwf7jbU/32?dl=0&rlkey=4fphhjfm73j0awk6xckj00dev&subfolder_nav_tracking=1	https://imagekit.io/dashboard/media-library/L05ldyBGb2xkZXIgMS8yNw
Light Pink 	Men’s Light Pink Premium Cotton Shirt	office collection	BL-SH-019	FIT:Regular fit   Available Sizes: S, M, L, XL,XXL	Men’s Light Pink Premium Cotton Shirt with Full Sleeves, Tailored Fit & Spread Collar	Classic Spread Collar 100% Cotton Casual Shirt – Regular Fit	"Brand Fit Name: Classic
Collar: Spread Collar
Placket: Button Placket
Placket Length: Full
Length: Long Sleeves

"	1999	330		https://www.dropbox.com/scl/fo/9tkykgorgakc6kq2s2wa2/ACSWuh7mwW36F3dxCoIVElY/35?dl=0&rlkey=4fphhjfm73j0awk6xckj00dev&subfolder_nav_tracking=1	https://imagekit.io/dashboard/media-library/L05ldyBGb2xkZXIgMS8yOA
White 	Men’s White Premium Cotton Shirt	office collection	BL-SH-013-W/O-042	FIT:Regular fit   Available Sizes: S, M, L, XL,XXL	Men’s White Premium Cotton Shirt with Full Sleeves, Tailored Fit & Spread Collar	Classic Spread Collar 100% Cotton Casual Shirt – Regular Fit	"Brand Fit Name: Classic
Collar: Spread Collar
Placket: Button Placket
Placket Length: Full
Length: Long Sleeves

"	1099	330		https://www.dropbox.com/scl/fo/9tkykgorgakc6kq2s2wa2/ADPon9Kxhe4d1YOI1BDfcdE/34?dl=0&rlkey=4fphhjfm73j0awk6xckj00dev&subfolder_nav_tracking=1	https://imagekit.io/dashboard/media-library/L05ldyBGb2xkZXIgMS8yOQ
Black	Men’s Black Textured Striped Cotton Casual Shirt 	casual collection	BL-SH-021	FIT:Regular fit   Available Sizes: S, M, L, XL,XXL	A sleek black textured striped shirt crafted from premium cotton for a perfect blend of comfort and style. Ideal for both casual gatherings and semi-formal occasions	Classic Spread Collar 100% Cotton Casual Shirt – Regular Fit	"Brand Fit Name: Classic
Collar: Spread Collar
Placket: Button Placket
Placket Length: Full
Length: Long Sleeves

"	2599	330		https://www.dropbox.com/scl/fo/ph838qxiulf2gr8tcqgfs/AHVjgvI7H_6TTHjgDISv0Q0/46?dl=0&rlkey=e5vujghvz6yuxc4ocrgev533d&subfolder_nav_tracking=1	https://imagekit.io/dashboard/media-library/L05ldyBGb2xkZXIgMS8zMA
Black & White 	Men’s Black & White Checked Cotton Casual Shirt 	checked collection	BL-SH-013W/O-041	FIT:Regular fit   Available Sizes: S, M, L, XL,XXL	A classic black and white checked shirt crafted from soft, breathable cotton. Designed for everyday comfort and versatile styling	Classic Spread Collar 100% Cotton Casual Shirt – Regular Fit	"Brand Fit Name: Classic
Collar: Spread Collar
Placket: Button Placket
Placket Length: Full
Length: Long Sleeves

"	1999	350		https://www.dropbox.com/scl/fo/ph838qxiulf2gr8tcqgfs/AL-3Rl4XoJ4P5uMu2c42TXo/42?dl=0&rlkey=e5vujghvz6yuxc4ocrgev533d&subfolder_nav_tracking=1	https://imagekit.io/dashboard/media-library/L05ldyBGb2xkZXIgMS8zMQ
Black & White 	Men’s Black & White Checked Cotton Casual Shirt 	checked collection	BL-SH-026-W/O-046	FIT:Regular fit   Available Sizes: S, M, L, XL,XXL	A stylish black and white checked shirt made from soft, breathable cotton. Designed for comfort and everyday versatility, it’s perfect for casual outings or layering in cooler weather.	Classic Spread Collar 100% Cotton Casual Shirt – Regular Fit	"Brand Fit Name: Classic
Collar: Spread Collar
Placket: Button Placket
Placket Length: Full
Length: Long Sleeves

"	2399	350		https://www.dropbox.com/scl/fo/ph838qxiulf2gr8tcqgfs/ABs4-LnCEE-L53D8O_nl4Ko/49?dl=0&rlkey=e5vujghvz6yuxc4ocrgev533d&subfolder_nav_tracking=1	
Black & White 	Men’s White & Black Checked Cotton Casual Shirt 	checked collection	BL-SH-026-W/O-047	FIT:Regular fit   Available Sizes: S, M, L, XL,XXL	 This white and black checked cotton shirt offers effortless style and everyday comfort. Perfect for casual wear, it pairs easily with jeans or chinos for a clean, versatile look.	Classic Spread Collar 100% Cotton Casual Shirt – Regular Fit	"Brand Fit Name: Classic
Collar: Spread Collar
Placket: Button Placket
Placket Length: Full
Length: Long Sleeves

"	2499	350		https://www.dropbox.com/scl/fo/ph838qxiulf2gr8tcqgfs/AFK3qCv-oilSz2iha6OxuVY/41?dl=0&rlkey=e5vujghvz6yuxc4ocrgev533d&subfolder_nav_tracking=1	https://imagekit.io/dashboard/media-library/L05ldyBGb2xkZXIgMS8zMg
 Light Grey	Men’s Light Grey Checked Cotton Casual Shirt 	checked collection	BL-SH-026-W/O-047	FIT:Regular fit   Available Sizes: S, M, L, XL,XXL	A subtle and stylish light grey checked shirt crafted from soft, breathable cotton. Its clean design and relaxed fit make it perfect for casual outings, weekend wear, or everyday comfort.	Classic Spread Collar 100% Cotton Casual Shirt – Regular Fit	"Brand Fit Name: Classic
Collar: Spread Collar
Placket: Button Placket
Placket Length: Full
Length: Long Sleeves

"	2499	350		https://www.dropbox.com/scl/fo/ph838qxiulf2gr8tcqgfs/AKNvNQBKRCRHVFpxoBgHEwQ/39?dl=0&rlkey=e5vujghvz6yuxc4ocrgev533d&subfolder_nav_tracking=1	https://imagekit.io/dashboard/media-library/L05ldyBGb2xkZXIgMS8zMw
Blue & Brown	Men’s Blue & Brown Checked Cotton Casual linen Shirt 	checked collection	BL-SH-026-W/O-047	FIT:Regular fit   Available Sizes: S, M, L, XL,XXL	A stylish blue and brown checked shirt crafted from premium cotton for comfort and durability. Its bold check pattern and soft fabric	Classic Spread Collar 100% Cotton Casual Shirt – Regular Fit	"Brand Fit Name: Classic
Collar: Spread Collar
Placket: Button Placket
Placket Length: Full
Length: Long Sleeves

"	2499	350		https://www.dropbox.com/scl/fo/ph838qxiulf2gr8tcqgfs/APBwHy-PZdzN9kXtqCUvj2w/37?dl=0&rlkey=e5vujghvz6yuxc4ocrgev533d&subfolder_nav_tracking=1	https://imagekit.io/dashboard/media-library/L05ldyBGb2xkZXIgMS8zNA
Cream & Green	Men’s Cream & Green Checked Cotton Casual linen Shirt 	checked collection	BL-SH-026-W/O-047	FIT:Regular fit   Available Sizes: S, M, L, XL,XXL	A refreshing cream and green checked cotton shirt designed for all-day comfort and effortless style	Classic Spread Collar 100% Cotton Casual Shirt – Regular Fit	"Brand Fit Name: Classic
Collar: Spread Collar
Placket: Button Placket
Placket Length: Full
Length: Long Sleeves

"	2499	350		https://www.dropbox.com/scl/fo/ph838qxiulf2gr8tcqgfs/ACP45h78JLiOK8obnHjRQwk/36?dl=0&rlkey=e5vujghvz6yuxc4ocrgev533d&subfolder_nav_tracking=1	https://imagekit.io/dashboard/media-library/L05ldyBGb2xkZXIgMS8zNQ
Blue	Men’s Blue Checked Cotton Casual linen Shirt 	checked collection	BL-SH-026-W/O-047	FIT:Regular fit   Available Sizes: S, M, L, XL,XXL	A stylish blue checked shirt crafted from soft, breathable cotton. Its modern check pattern and comfortable fit make it perfect for casual outings	Classic Spread Collar 100% Cotton Casual Shirt – Regular Fit	"Brand Fit Name: Classic
Collar: Spread Collar
Placket: Button Placket
Placket Length: Full
Length: Long Sleeves

"	2499	350		https://www.dropbox.com/scl/fo/ph838qxiulf2gr8tcqgfs/AFJJVy4Y2YrmaLd26rn8dmI/35?dl=0&rlkey=e5vujghvz6yuxc4ocrgev533d&subfolder_nav_tracking=1	https://imagekit.io/dashboard/media-library/L05ldyBGb2xkZXIgMS8zNg
Brown	Men’s Brown & Red Checked Cotton Casual linen Shirt 	checked collection	BL-SH-026-W/O-047	FIT:Regular fit   Available Sizes: S, M, L, XL,XXL	A bold brown and red checked shirt crafted from soft, breathable cotton. Designed for comfort and effortless style, it’s the perfect pick for casual outings	Classic Spread Collar 100% Cotton Casual Shirt – Regular Fit	"Brand Fit Name: Classic
Collar: Spread Collar
Placket: Button Placket
Placket Length: Full
Length: Long Sleeves

"	2499	350		https://www.dropbox.com/scl/fo/ph838qxiulf2gr8tcqgfs/AA7OKxXelGfqnSXV0bnnYpk/34?dl=0&rlkey=e5vujghvz6yuxc4ocrgev533d&subfolder_nav_tracking=1	https://imagekit.io/dashboard/media-library/L05ldyBGb2xkZXIgMS8zNw
 Black & Grey	Men’s Black & Grey Checked Cotton Casual linen Shirt 	checked collection	BL-SH-026-W/O-047	FIT:Regular fit   Available Sizes: S, M, L, XL,XXL	A versatile black and grey checked shirt made from soft, breathable cotton for everyday comfort. Its bold pattern and classic design make it a perfect choice for casual outings or relaxed office wear.	Classic Spread Collar 100% Cotton Casual Shirt – Regular Fit	"Brand Fit Name: Classic
Collar: Spread Collar
Placket: Button Placket
Placket Length: Full
Length: Long Sleeves

"	2499	350		https://www.dropbox.com/scl/fo/ph838qxiulf2gr8tcqgfs/AFCKW2yj_jdLCutsGKwXVf0/33?dl=0&rlkey=e5vujghvz6yuxc4ocrgev533d&subfolder_nav_tracking=1	https://imagekit.io/dashboard/media-library/L05ldyBGb2xkZXIgMS8zOA
Brown & Beige 	Men’s Brown & Beige Checked Cotton Casual Shirt with Full Sleeves	checked collection	BL-SH-026-W/O-047	FIT:Regular fit   Available Sizes: S, M, L, XL,XXL	A warm-toned brown and beige checked shirt that brings comfort and style together. Crafted from soft, breathable cotton, it’s perfect for layering or wearing solo during casual outings and cooler days.	Classic Spread Collar 100% Cotton Casual Shirt – Regular Fit	"Brand Fit Name: Classic
Collar: Spread Collar
Placket: Button Placket
Placket Length: Full
Length: Long Sleeves

"	2499	350		https://www.dropbox.com/scl/fo/ph838qxiulf2gr8tcqgfs/ADUNIdJoliqGFFeQ1Ne0zrQ/32?dl=0&rlkey=e5vujghvz6yuxc4ocrgev533d&subfolder_nav_tracking=1	https://imagekit.io/dashboard/media-library/L05ldyBGb2xkZXIgMS8zOQ
Maroon & Navy 	Men’s Maroon & Navy Checked Cotton Casual Shirt	checked collection	BL-SH-026-W/O-047	FIT:Regular fit   Available Sizes: S, M, L, XL,XXL	A classic maroon and navy checked shirt that blends timeless style with everyday comfort. Perfect for casual outings or weekend wear, it adds a touch of effortless charm to your wardrobe	Classic Spread Collar 100% Cotton Casual Shirt – Regular Fit	"Brand Fit Name: Classic
Collar: Spread Collar
Placket: Button Placket
Placket Length: Full
Length: Long Sleeves

"	2499	350			
Teal Blue & Brown	Men’s Teal Blue & Brown Checked Cotton Casual Shirt	checked collection	BL-SH-026-W/O-047	FIT:Regular fit   Available Sizes: S, M, L, XL,XXL	A stylish teal and brown checked shirt that combines modern flair with classic comfort. Perfect for casual outings or semi-formal occasions, offering a relaxed yet refined look.	Classic Spread Collar 100% Cotton Casual Shirt – Regular Fit	"Brand Fit Name: Classic
Collar: Spread Collar
Placket: Button Placket
Placket Length: Full
Length: Long Sleeves

"	2499	350		https://www.dropbox.com/scl/fo/ph838qxiulf2gr8tcqgfs/AKXzg6agVi98_5Dwh9zmTkc/30?dl=0&rlkey=e5vujghvz6yuxc4ocrgev533d&subfolder_nav_tracking=1	https://imagekit.io/dashboard/media-library/L05ldyBGb2xkZXIgMS80MA
Beige 	Men’s Beige Checked Cotton Shirt	checked collection	BL-SH-026-W/O-047	FIT:Regular fit   Available Sizes: S, M, L, XL,XXL	Men’s Beige Checked Cotton Shirt with Full Sleeves, Tailored Fit & Spread Collar	Classic Spread Collar 100% Cotton Casual Shirt – Regular Fit	"Brand Fit Name: Classic
Collar: Spread Collar
Placket: Button Placket
Placket Length: Full
Length: Long Sleeves

"	2499	350		https://www.dropbox.com/scl/fo/ph838qxiulf2gr8tcqgfs/ABGUw5bE_B-HPgD47xoIQWI/40?dl=0&rlkey=e5vujghvz6yuxc4ocrgev533d&subfolder_nav_tracking=1	https://imagekit.io/dashboard/media-library/L05ldyBGb2xkZXIgMS80MQ
Brown & Cream	Men’s Brown & Cream Checked	checked collection	BL-SH-026-W/O-047	FIT:Regular fit   Available Sizes: S, M, L, XL,XXL	Men’s Brown & Cream Checked Cotton Shirt with Full Sleeves, Tailored Fit & Spread Collar	Classic Spread Collar 100% Cotton Casual Shirt – Regular Fit	"Brand Fit Name: Classic
Collar: Spread Collar
Placket: Button Placket
Placket Length: Full
Length: Long Sleeves

"	2499	350		https://www.dropbox.com/scl/fo/ph838qxiulf2gr8tcqgfs/AGA9ZX6T5qMzU5f12lj_yMA/44?dl=0&rlkey=e5vujghvz6yuxc4ocrgev533d&subfolder_nav_tracking=1	https://imagekit.io/dashboard/media-library/L05ldyBGb2xkZXIgMS80Mg
Sage Green 	Striped formal shirt	New collection	BL-SH-6621-W/O-071	FIT:Regular fit   Available Sizes: S, M, L, XL,XXL	Men’s Sage Green & White Striped Cotton Shirt with Full Sleeves, Tailored Fit & Spread Collar	Classic Spread Collar Striped 100% Cotton Casual Shirt – Regular Fit		1799	350		https://www.dropbox.com/scl/fo/5awjfipwowd7epl4u09vu/APElsoaXPv8Ho6COW_r2mVs?rlkey=uuyf73zl3jrerrnt34jwamnah&st=zq79l3a8&dl=0	https://imagekit.io/dashboard/media-library/L05ldyBGb2xkZXIgMS80Mw
Red 	Striped formal shirt	New collection	BL-SH-6621-W/O-071	FIT:Regular fit   Available Sizes: S, M, L, XL,XXL	Men’s Red & White Striped Cotton Casual Shirt with Full Sleeves,  Tailored Fit & Spread Collar	Classic Spread Collar Striped 100% Cotton Casual Shirt – Regular Fit		1799	350		https://www.dropbox.com/scl/fo/dhjfrcgwsszrmlqum2as8/ACAeg7XpjDiLFcEjgpLHS7g?rlkey=ygpd7u7upbof6hrgegsyphmxj&st=7mu2ryth&dl=0	https://imagekit.io/dashboard/media-library/L05ldyBGb2xkZXIgMS80NA
 Beige 	Striped formal shirt	New collection	BL-SH-6621-W/O-071	FIT:Regular fit   Available Sizes: S, M, L, XL,XXL	Men’s Beige & White Striped Cotton Shirt with Full Sleeves, Tailored Fit & Spread Collar	Classic Spread Collar Striped 100% Cotton Casual Shirt – Regular Fit		1799	350		https://www.dropbox.com/scl/fo/dcmeztv0ti542kzgwkrlm/ADr2NKtSoY48wXHss9-rb2I?rlkey=5e5gtwqv4pqrygrcbuun104gu&st=p6fiwskj&dl=0	
Sky Blue 	Striped formal shirt	New collection	BL-SH-6621-W/O-071	FIT:Regular fit   Available Sizes: S, M, L, XL,XXL	Men’s Sky Blue & White Striped Cotton Shirt with Full Sleeves, Tailored Fit & Spread Collar	Classic Spread Collar Striped 100% Cotton Casual Shirt – Regular Fit		1799	350		https://www.dropbox.com/scl/fo/ysqgqmuhuns4k3mitjrpq/AG3AcFizLBHoVQTuqscbB20?rlkey=sa5y0sqzawic6cbx6g5sz2j44&st=vyq0lv8k&dl=0	https://imagekit.io/dashboard/media-library/L05ldyBGb2xkZXIgMS80NQ
Aqua Blue 	Striped formal shirt	New collection	BL-SH-6621-W/O-071	FIT:Regular fit   Available Sizes: S, M, L, XL,XXL	Men’s Aqua Blue & White Striped Cotton Shirt with Full Sleeves, Tailored Fit & Spread Collar	Classic Spread Collar Striped 100% Cotton Casual Shirt – Regular Fit		1799	350		https://www.dropbox.com/scl/fo/txu7t7peveing6e8l190i/AF2hbt0y6KFDwTjkGf6CstA?rlkey=kibp2e0qi9q0q5wkuqn9z6d3p&st=6jd6zzt9&dl=0	https://imagekit.io/dashboard/media-library/L05ldyBGb2xkZXIgMS80Ng
Grey	Striped formal shirt	New collection	BL-SH-6621-W/O-071	FIT:Regular fit   Available Sizes: S, M, L, XL,XXL	Men’s Grey & White Striped Cotton Shirt with Full Sleeves, Tailored Fit & Spread Collar	Classic Spread Collar Striped 100% Cotton Casual Shirt – Regular Fit		1799	350		https://www.dropbox.com/scl/fo/801oxm6szp1jxgrwt51zu/AKQhrXD0rxY8etVm0MZjI7k?rlkey=y7y9evox4bij5nc0247mqpp9m&st=pq9kycav&dl=0	https://imagekit.io/dashboard/media-library/L05ldyBGb2xkZXIgMS80Nw
Yellow	Striped formal shirt	New collection	BL-SH-6621-W/O-071	FIT:Regular fit   Available Sizes: S, M, L, XL,XXL	Men’s Yellow & White Striped Cotton Shirt with Full Sleeves, Tailored Fit & Spread Collar	Classic Spread Collar Striped 100% Cotton Casual Shirt – Regular Fit		1799	350		https://www.dropbox.com/scl/fo/svry6tmgzz3vm71ipqa9f/AJnP1e_LoGaTRaFubYbvkKA?rlkey=f95bupfvplg8ubr625z948rxb&st=31px4srd&dl=0	https://imagekit.io/dashboard/media-library/L05ldyBGb2xkZXIgMS80OA
 Navy 	Men’s Navy & Grey Checked Cotton Overshirt Jacket	Winter Collection	BL-JK-029-W/O-052	FIT:Regular fit   Available Sizes: S, M, L, XL,XXL	A versatile overshirt jacket that blends warmth and effortless style. Perfect for layering during cool days, featuring a modern checked pattern for a timeless appeal.	Classic Spread Collar 100% Cotton jacket – over size 	"Brand Fit Name: Classic
Collar: Spread Collar
Placket: Button Placket
Placket Length: Full
Length: Long Sleeves

"	1949	950		https://www.dropbox.com/scl/fo/ph838qxiulf2gr8tcqgfs/AIJ4qJHMs_Ws4kPBrn8QtZ8/29?dl=0&rlkey=e5vujghvz6yuxc4ocrgev533d&subfolder_nav_tracking=1	https://imagekit.io/dashboard/media-library/L05ldyBGb2xkZXIgMS80OQ
Beige 	Men’s Beige & Grey Checked Cotton Overshirt Jacket	Winter Collection	BL-JK-028-W/O-051	FIT:Regular fit   Available Sizes: S, M, L, XL,XXL	A stylish beige and grey checked overshirt jacket that blends comfort with versatility — perfect for layering through the season.	Classic Spread Collar 100% Cotton jacket – Over Size 	"Brand Fit Name: Classic
Collar: Spread Collar
Placket: Button Placket
Placket Length: Full
Length: Long Sleeves

"	1949	950		https://www.dropbox.com/scl/fo/ph838qxiulf2gr8tcqgfs/ABeon4oBW9tilGwESZScUmE/28?dl=0&rlkey=e5vujghvz6yuxc4ocrgev533d&subfolder_nav_tracking=1	https://imagekit.io/dashboard/media-library/L05ldyBGb2xkZXIgMS81MA
 Brown	Men’s Black & Brown Checked Cotton Overshirt Jacket	Winter Collection	BL-JK-028-W/O-051	FIT:over size fit   Available Sizes: S, M, L, XL,XXL	A bold black and brown checked overshirt jacket designed for effortless layering and modern style. Perfect for adding warmth and character to your casual look.	Classic Spread Collar 100% Cotton jacket – Over Size 	"Brand Fit Name: Classic
Collar: Spread Collar
Placket: Button Placket
Placket Length: Full
Length: Long Sleeves

"	1949	950		https://www.dropbox.com/scl/fo/ph838qxiulf2gr8tcqgfs/AApNyzfVSzTsCC4_2MkiIRM/26?dl=0&rlkey=e5vujghvz6yuxc4ocrgev533d&subfolder_nav_tracking=1	`https://imagekit.io/dashboard/media-library/L05ldyBGb2xkZXIgMS81MQ
 Blue 	Men’s Blue & Black Checked Cotton Overshirt Jacket	Winter Collection	BL-JK-029-W/O-052	FIT:over size fit   Available Sizes: S, M, L, XL,XXL	A classic blue and black checked overshirt jacket that combines warmth, comfort, and timeless appeal — ideal for layering through the colder months.	Classic Spread Collar 100% Cotton jacket – Over Size 	"Brand Fit Name: Classic
Collar: Spread Collar
Placket: Button Placket
Placket Length: Full
Length: Long Sleeves

"	1949	950		https://www.dropbox.com/scl/fo/ph838qxiulf2gr8tcqgfs/ACDBHFTeXn_iwrAQgW5tTu4/25?dl=0&rlkey=e5vujghvz6yuxc4ocrgev533d&subfolder_nav_tracking=1	https://imagekit.io/dashboard/media-library/L05ldyBGb2xkZXIgMS81Mg
Black	Men’s Black Checked Winter Jacket	Winter Collection	BL-JK-028-W/O-051	FIT:over size fit   Available Sizes: S, M, L, XL,XXL	Men’s Black Checked Winter Jacket with Full Sleeves, Button Closure & Spread Collar	Classic Spread Collar 100% Cotton jacket – Over Size 	"Brand Fit Name: Classic
Collar: Spread Collar
Placket: Button Placket
Placket Length: Full
Length: Long Sleeves

"	1949	950			
Navy Blue	Men’s Navy Blue Checked Winter Jacket	Winter Collection	BL-JK-028-W/O-051	FIT:over size fit   Available Sizes: S, M, L, XL,XXL	Men’s Navy Blue Checked Winter Jacket with Full Sleeves, Button Closure & Classic Collar	Classic Spread Collar 100% Cotton jacket – Over Size 	"Brand Fit Name: Classic
Collar: Spread Collar
Placket: Button Placket
Placket Length: Full
Length: Long Sleeves

"	1949	950		https://www.dropbox.com/scl/fo/ph838qxiulf2gr8tcqgfs/ABpFRhDgeLGY7OhhgLX2L1I/23?dl=0&rlkey=e5vujghvz6yuxc4ocrgev533d&subfolder_nav_tracking=1	https://imagekit.io/dashboard/media-library/L05ldyBGb2xkZXIgMS81Mw
 Brown	Men’s Brown Checked Winter Jacket	Winter Collection	BL-JK-028-W/O-051	FIT:over size fit   Available Sizes: S, M, L, XL,XXL	Men’s Brown Checked Winter Jacket with Full Sleeves, Button Closure & Classic Collar	Classic Spread Collar 100% Cotton jacket – Over Size 	"Brand Fit Name: Classic
Collar: Spread Collar
Placket: Button Placket
Placket Length: Full
Length: Long Sleeves

"	1949	950		https://www.dropbox.com/scl/fo/ph838qxiulf2gr8tcqgfs/AMYk-6XuyFE8fybW94YqdWU/27?dl=0&rlkey=e5vujghvz6yuxc4ocrgev533d&subfolder_nav_tracking=1	https://imagekit.io/dashboard/media-library/L05ldyBGb2xkZXIgMS81NQ
Red 	Men’s Red Polo T-Shirt	polos	BL-TSH-003-W/O-008/0031	FIT:  Regular Fit  Available Sizes: S, M, L, XL,XXL	Men’s Red Polo T-Shirt with Checkered Collar & Sleeve Detailing	Classic Spread Collar 100%  Polo T - Shirt – Regular Size	"Brand Fit Name: Classic
Collar: Spread Collar
Placket: Button Placket
Placket Length: Full

"	1599	250			
White 	Men’s White Polo T-Shirt	polos	BL-TSH-003-W/O-008/0031	FIT:  Regular Fit  Available Sizes: S, M, L, XL,XXL	Men’s White Polo T-Shirt with Contrast Collar & Sleeve Branding	Classic Spread Collar 100%  Polo T - Shirt – Regular Size	"Brand Fit Name: Classic
Collar: Spread Collar
Placket: Button Placket
Placket Length: Full

"	1599	250		https://www.dropbox.com/scl/fo/ph838qxiulf2gr8tcqgfs/ABfVmHTsl-mVISkkl5EcMSc/13?dl=0&rlkey=e5vujghvz6yuxc4ocrgev533d&subfolder_nav_tracking=1	https://imagekit.io/dashboard/media-library/L05ldyBGb2xkZXIgMS81Ng
Black	Men’s Black Polo T-Shirt	polos	BL-TSH-003-W/O-032/007	FIT:  Regular Fit  Available Sizes: S, M, L, XL,XXL	Men’s Black Polo T-Shirt with Contrast Collar & Sleeve Branding	Classic Spread Collar 100%  Polo T - Shirt – Regular Size	"Brand Fit Name: Classic
Collar: Spread Collar
Placket: Button Placket
Placket Length: Full

"	1449	250		https://www.dropbox.com/scl/fo/ph838qxiulf2gr8tcqgfs/AHkIkNxSM27-4IQC-n2PDBA/9?dl=0&rlkey=e5vujghvz6yuxc4ocrgev533d&subfolder_nav_tracking=1	https://imagekit.io/dashboard/media-library/L05ldyBGb2xkZXIgMS81Nw
Sky Blue 	Men’s Sky Blue Polo T-Shirt	polos	BL-TSH-003-W/O-008/0031	FIT:  Regular Fit  Available Sizes: S, M, L, XL,XXL	Men’s Sky Blue Polo T-Shirt with Contrast Collar & Sleeve Branding	Classic Spread Collar 100%  Polo T - Shirt – Regular Size	"Brand Fit Name: Classic
Collar: Spread Collar
Placket: Button Placket
Placket Length: Full

"	1599	250		https://www.dropbox.com/scl/fo/ph838qxiulf2gr8tcqgfs/AIv_deAI3ta2rKPZZ3Pluck/14?dl=0&rlkey=e5vujghvz6yuxc4ocrgev533d&subfolder_nav_tracking=1	https://imagekit.io/dashboard/media-library/L05ldyBGb2xkZXIgMS81OA
Sky Blue 	Men’s Sky Blue Polo T-Shirt	polos	BL-TSH-003-W/O-032/007	FIT:  Regular Fit  Available Sizes: S, M, L, XL,XXL	Men’s Sky Blue Polo T-Shirt with Contrast Collar & Sleeve Branding	Classic Spread Collar 100%  Polo T - Shirt – Regular Size	"Brand Fit Name: Classic
Collar: Spread Collar
Placket: Button Placket
Placket Length: Full

"	1449	250		https://www.dropbox.com/scl/fo/ph838qxiulf2gr8tcqgfs/AHKeW797PGDoz1a5vxwYCKA/10?dl=0&rlkey=e5vujghvz6yuxc4ocrgev533d&subfolder_nav_tracking=1	https://imagekit.io/dashboard/media-library/L05ldyBGb2xkZXIgMS81OQ
Red 	Men’s Red Polo T-Shirt	polos	BL-TSH-003-W/O-032/007	FIT:  Regular Fit  Available Sizes: S, M, L, XL,XXL	Men’s Red Polo T-Shirt with Contrast Collar & Sleeve Branding	Classic Spread Collar 100%  Polo T - Shirt – Regular Size	"Brand Fit Name: Classic
Collar: Spread Collar
Placket: Button Placket
Placket Length: Full

"	1449	250		https://www.dropbox.com/scl/fo/ph838qxiulf2gr8tcqgfs/ABdHBLO2bmWMGLMyl6pkFVc/18?dl=0&rlkey=e5vujghvz6yuxc4ocrgev533d&subfolder_nav_tracking=1	https://imagekit.io/dashboard/media-library/L05ldyBGb2xkZXIgMS82MA
Black	Men’s Black Polo T-Shirt	polos	BL-TSH-003-W/O-032/007	FIT:  Regular Fit  Available Sizes: S, M, L, XL,XXL	Men’s Black Polo T-Shirt with Signature Contrast Branding	Classic Spread Collar 100%  Polo T - Shirt – Regular Size	"Brand Fit Name: Classic
Collar: Spread Collar
Placket: Button Placket
Placket Length: Full

"	1449	250		https://www.dropbox.com/scl/fo/ph838qxiulf2gr8tcqgfs/AF0ob9MG7sqTVjjJM1_UzjE/7?dl=0&rlkey=e5vujghvz6yuxc4ocrgev533d&subfolder_nav_tracking=1	https://imagekit.io/dashboard/media-library/L05ldyBGb2xkZXIgMS82MQ
Sky Blue 	Men’s Light Blue Polo T-Shirt	polos	BL-TSH-003-W/O-031/008	FIT:  Regular Fit  Available Sizes: S, M, L, XL,XXL	Men’s Light Blue Polo T-Shirt with Minimal Contrast Collar	Classic Spread Collar 100%  Polo T - Shirt – Regular Size	"Brand Fit Name: Classic
Collar: Spread Collar
Placket: Button Placket
Placket Length: Full

"	1599	250		https://www.dropbox.com/scl/fo/ph838qxiulf2gr8tcqgfs/AGwCOWia5AlesgyccgS1ghc/12?dl=0&rlkey=e5vujghvz6yuxc4ocrgev533d&subfolder_nav_tracking=1	https://imagekit.io/dashboard/media-library/L05ldyBGb2xkZXIgMS82Mg
Grey	Men’s Grey Polo T-Shirt	polos	BL-TSH-003-W/O-031/008	FIT:  Regular Fit  Available Sizes: S, M, L, XL,XXL	Men’s Grey Polo T-Shirt with Check Collar & Sleeve Detailing	Classic Spread Collar 100%  Polo T - Shirt – Regular Size	"Brand Fit Name: Classic
Collar: Spread Collar
Placket: Button Placket
Placket Length: Full

"	1599	250		https://www.dropbox.com/scl/fo/ph838qxiulf2gr8tcqgfs/AAdYPyBbalz7beu848EuYyQ/6?dl=0&rlkey=e5vujghvz6yuxc4ocrgev533d&subfolder_nav_tracking=1	https://imagekit.io/dashboard/media-library/L05ldyBGb2xkZXIgMS82Mw
Grey	Men’s Steel Blue Polo T-Shirt	polos	BL-TSH-003-W/O-031/008	FIT:  Regular Fit  Available Sizes: S, M, L, XL,XXL	Men’s Steel Blue Polo T-Shirt with Contrast Branding Details	Classic Spread Collar 100%  Polo T - Shirt – Regular Size	"Brand Fit Name: Classic
Collar: Spread Collar
Placket: Button Placket
Placket Length: Full

"	1599	250		https://www.dropbox.com/scl/fo/ph838qxiulf2gr8tcqgfs/AEynmyLxW_cF8AhGmurnjMA/2?dl=0&rlkey=e5vujghvz6yuxc4ocrgev533d&subfolder_nav_tracking=1	https://imagekit.io/dashboard/media-library/L05ldyBGb2xkZXIgMS82NA
White 	White Check-Trim Polo T-Shirt	polos	BL-TSH-003-W/O-031/008	FIT:  Regular Fit  Available Sizes: S, M, L, XL,XXL	The contrasting black-and-white check pattern on the collar and sleeves adds a bold, contemporary touch to your everyday look.	Classic Spread Collar 100%  Polo T - Shirt – Regular Size	"Brand Fit Name: Classic
Collar: Spread Collar
Placket: Button Placket
Placket Length: Full

"	1599	250		https://www.dropbox.com/scl/fo/ph838qxiulf2gr8tcqgfs/AKXbLJyhM44b-bs5DuQuE20/11?dl=0&rlkey=e5vujghvz6yuxc4ocrgev533d&subfolder_nav_tracking=1	https://imagekit.io/dashboard/media-library/L05ldyBGb2xkZXIgMS82NQ
Black	Black Textured Straight-Fit Cotton Trousers	Trusers	BL-TR-006-W/O-048	FIT:  Regular Fit  Available Sizes: S, M, L, XL,XXL	Classic black straight-fit trousers made from a soft, breathable textured cotton blend	Classic Drawstring Straight Fit Trousers for Men - Regular Size	"Closure: Button and zip fly
Waist: Mid-rise
Pockets: multiple utility pockets
Length: Full length
Occasion: Formal/Semi-formal
Closure: Button and zip fly"	1249	550		https://www.dropbox.com/scl/fo/9tkykgorgakc6kq2s2wa2/AKyndWaXb3WpLRZLFFxCNRc/29?dl=0&rlkey=4fphhjfm73j0awk6xckj00dev&subfolder_nav_tracking=1	https://imagekit.io/dashboard/media-library/L05ldyBGb2xkZXIgMS82Ng
Indigo Blue	Indigo Blue Straight-Fit Classic Denim Jeans	denim	BL-DNM-012-W/O-056	FIT:  Regular Fit  Available Sizes: S, M, L, XL,XXL	Timeless indigo blue denim crafted in a straight-fit silhouette. Comfortable, durable, and perfect for everyday casual and smart-casual styling.	Classic Denim Straight Fit for Men - Regular Size	"Closure: Button and zip fly
Waist: Mid-rise
Pockets: multiple utility pockets
Length: Full length
Occasion: Formal/Semi-formal
Closure: Button and zip fly"	2499	650		https://www.dropbox.com/scl/fo/9tkykgorgakc6kq2s2wa2/AIJHYfxhXLZIkdQKlExRamU/4?dl=0&rlkey=4fphhjfm73j0awk6xckj00dev&subfolder_nav_tracking=1	https://imagekit.io/dashboard/media-library/L05ldyBGb2xkZXIgMS82Nw
Deep Blue	Deep Blue Relaxed Straight-Fit Denim Jeans	denim	BL-DNM-010	FIT:  Regular Fit  Available Sizes: S, M, L, XL,XXL	Classic deep blue relaxed straight-fit jeans crafted from soft, durable denim. Designed for maximum comfort, everyday wear, and timeless casual style.	Classic Denim Straight Fit for Men - Over Sized	"Closure: Button and zip fly
Waist: Mid-rise
Pockets: multiple utility pockets
Length: Full length
Occasion: Formal/Semi-formal
Closure: Button and zip fly"	1999	650		https://www.dropbox.com/scl/fo/9tkykgorgakc6kq2s2wa2/ADYy2PvLFz7ZCGuGHqaE2pk/25?dl=0&rlkey=4fphhjfm73j0awk6xckj00dev&subfolder_nav_tracking=1	https://imagekit.io/dashboard/media-library/L05ldyBGb2xkZXIgMS82OA
Grey	Mid-Wash Straight-Fit Classic Denim Jeans	denim	BL-DNM-008	FIT:  Regular Fit  Available Sizes: S, M, L, XL,XXL	Comfortable mid-wash straight-fit jeans crafted from soft, durable denim.	Classic Denim Straight Fit for Men - Over Sized	"Closure: Button and zip fly
Waist: Mid-rise
Pockets: multiple utility pockets
Length: Full length
Occasion: Formal/Semi-formal
Closure: Button and zip fly"	1949	650		https://www.dropbox.com/scl/fo/9tkykgorgakc6kq2s2wa2/AGImGzq_euTB5s6gY7aNIvk/22?dl=0&rlkey=4fphhjfm73j0awk6xckj00dev&subfolder_nav_tracking=1	https://imagekit.io/dashboard/media-library/L05ldyBGb2xkZXIgMS82OQ
Dark Blue	Dark Blue Slim-Fit Stretch Denim Jeans	denim	BL-DNM-012-W/O- 57	FIT:  Regular Fit  Available Sizes: S, M, L, XL,XXL	Premium dark blue slim-fit jeans made with soft stretch denim for a sharp, modern silhouette and all-day comfort.	Classic Denim Slim Fit  for Men 	"Closure: Button and zip fly
Waist: Mid-rise
Pockets: multiple utility pockets
Length: Full length
Occasion: Formal/Semi-formal
Closure: Button and zip fly"	2499	650			
Navy Blue	Deep Navy Slim-Fit Stretch Denim Jeans	denim	BL-DNM-050-W/O-13	FIT:  Regular Fit  Available Sizes: S, M, L, XL,XXL	Modern slim-fit jeans crafted from soft, stretchable denim in a rich deep navy wash. Built for comfort, flexibility, and a sharp, streamlined look.	Classic Denim Straight Fit for Men - Regular Size	"Closure: Button and zip fly
Waist: Mid-rise
Pockets: multiple utility pockets
Length: Full length
Occasion: Formal/Semi-formal
Closure: Button and zip fly"	2499	650		https://www.dropbox.com/scl/fo/9tkykgorgakc6kq2s2wa2/AGuNdOU7FJ2q_Kv3Gg_drFo/17?dl=0&rlkey=4fphhjfm73j0awk6xckj00dev&subfolder_nav_tracking=1	https://imagekit.io/dashboard/media-library/L05ldyBGb2xkZXIgMS83MA
Black	Black Textured Straight-Fit Stretch Denim Jeans	denim	BL-DNM-012-W/O-56	FIT:  Regular Fit  Available Sizes: S, M, L, XL,XXL	Modern black textured straight-fit jeans crafted from soft, stretchable denim. Designed for ultimate comfort, durability, and a clean everyday look.	Classic Denim Straight Fit for Men - Regular Size	"Closure: Button and zip fly
Waist: Mid-rise
Pockets: multiple utility pockets
Length: Full length
Occasion: Formal/Semi-formal
Closure: Button and zip fly"	2499	650		https://www.dropbox.com/scl/fo/9tkykgorgakc6kq2s2wa2/ANcfPjI4emmIlSbBCE6Yrss/15?dl=0&rlkey=4fphhjfm73j0awk6xckj00dev&subfolder_nav_tracking=1	https://imagekit.io/dashboard/media-library/L05ldyBGb2xkZXIgMS83MQ
Jet Black	Jet Black Slim-Fit Stretch Denim Jeans	denim	BL-DNM-012-W/O-57	FIT:  Regular Fit  Available Sizes: S, M, L, XL,XXL	Classic jet-black slim-fit jeans made from soft stretch denim. Sleek, modern, and designed for all-day comfort with a sharp, clean silhouette.	Classic Denim Straight Fit for Men - Regular Size	"Closure: Button and zip fly
Waist: Mid-rise
Pockets: multiple utility pockets
Length: Full length
Occasion: Formal/Semi-formal
Closure: Button and zip fly"	2499	650			
Black	Pure Black Skinny-Fit Stretch Denim Jeans	denim	BL-DNM-012-W/O-57	FIT:  Regular Fit  Available Sizes: S, M, L, XL,XXL	Sharp and modern pure black skinny-fit jeans crafted from soft stretch denim for a sleek silhouette and all-day comfort.	Classic Denim Straight Fit for Men - Regular Size	"Closure: Button and zip fly
Waist: Mid-rise
Pockets: multiple utility pockets
Length: Full length
Occasion: Formal/Semi-formal
Closure: Button and zip fly"	2499	650		https://www.dropbox.com/scl/fo/9tkykgorgakc6kq2s2wa2/AG7U5bpMiGPbKBclEifZxAw/13?dl=0&rlkey=4fphhjfm73j0awk6xckj00dev&subfolder_nav_tracking=1	https://imagekit.io/dashboard/media-library/L05ldyBGb2xkZXIgMS83Mg
Charcoal Black	Charcoal Black Slim-Fit Stretch Denim Jeans	denim	BL-DNM-41-W/O-014	FIT:  Regular Fit  Available Sizes: S, M, L, XL,XXL	Sleek charcoal black slim-fit jeans crafted from soft stretch denim for a modern silhouette and all-day comfort.	Classic Denim Straight Fit for Men - Regular Size	"Closure: Button and zip fly
Waist: Mid-rise
Pockets: multiple utility pockets
Length: Full length
Occasion: Formal/Semi-formal
Closure: Button and zip fly"	2599	650		https://www.dropbox.com/scl/fo/9tkykgorgakc6kq2s2wa2/ADttHEd17smikOXaBru-w8k/12?dl=0&rlkey=4fphhjfm73j0awk6xckj00dev&subfolder_nav_tracking=1	https://imagekit.io/dashboard/media-library/L05ldyBGb2xkZXIgMS83Mw
Vintage Blue	Vintage Blue Relaxed Straight-Fit Denim Jeans	denim	BL-DNM-050-W/O-013	FIT:  Regular Fit  Available Sizes: S, M, L, XL,XXL	Soft, durable vintage blue jeans in a relaxed straight-fit silhouette. Designed for all-day comfort, easy movement, and classic everyday style.	Classic Denim Straight Fit for Men - Regular Size	"Closure: Button and zip fly
Waist: Mid-rise
Pockets: multiple utility pockets
Length: Full length
Occasion: Formal/Semi-formal
Closure: Button and zip fly"	2499	650		https://www.dropbox.com/scl/fo/9tkykgorgakc6kq2s2wa2/AHLpRhgLE9k5WKkV4N7Xp9A/1?dl=0&rlkey=4fphhjfm73j0awk6xckj00dev&subfolder_nav_tracking=1	https://imagekit.io/dashboard/media-library/L05ldyBGb2xkZXIgMS83NA
Deep Blue	Deep Blue Straight-Fit Classic Denim Jeans	denim	BL-DNM-050-W/O-013	FIT:  Regular Fit  Available Sizes: S, M, L, XL,XXL	Premium deep blue straight-fit jeans crafted from durable, comfortable denim with subtle fading for a clean everyday look.	Classic Denim Straight Fit for Men - Regular Size	"Closure: Button and zip fly
Waist: Mid-rise
Pockets: multiple utility pockets
Length: Full length
Occasion: Formal/Semi-formal
Closure: Button and zip fly"	2499	650		https://www.dropbox.com/scl/fo/ph838qxiulf2gr8tcqgfs/AAvYAcitKo-IwGXKzLFtD8M/16?dl=0&rlkey=e5vujghvz6yuxc4ocrgev533d&subfolder_nav_tracking=1	https://imagekit.io/dashboard/media-library/L05ldyBGb2xkZXIgMS83NQ
Black	Black Classic Straight-Fit Denim Jeans	denim	BL-DNM-041-W/O-014	FIT:  Regular Fit  Available Sizes: S, M, L, XL,XXL	Timeless black straight-fit jeans made from durable, comfortable denim with contrast stitching for a bold, clean look.	Classic Denim Straight Fit for Men - Regular Size	"Closure: Button and zip fly
Waist: Mid-rise
Pockets: multiple utility pockets
Length: Full length
Occasion: Formal/Semi-formal
Closure: Button and zip fly"	2599	650			
Black	Black Textured Straight-Fit Stretch Denim Jeans	denim	BL-DNM-012-W/O-57	FIT:  Regular Fit  Available Sizes: S, M, L, XL,XXL	Modern black textured straight-fit denim crafted from soft stretch fabric for everyday comfort and a clean, versatile look.	Classic Denim Straight Fit for Men - Regular Size	"Closure: Button and zip fly
Waist: Mid-rise
Pockets: multiple utility pockets
Length: Full length
Occasion: Formal/Semi-formal
Closure: Button and zip fly"	2999	650			
Olive Green	Olive Green Utility Cargo Straight-Fit Trousers	denim	BL-TR-OLIVE-012	FIT:  Regular Fit  Available Sizes: S, M, L, XL,XXL	Durable olive green straight-fit cargo trousers featuring multiple utility pockets, soft cotton fabric, and a relaxed, functional design for everyday adventure and comfort.	Classic Trouser straight Fit for Men - Regular Size	"Closure: Button and zip fly
Waist: Mid-rise
Pockets: multiple utility pockets
Length: Full length
Occasion: Formal/Semi-formal
Closure: Button and zip fly"	1799	750		https://www.dropbox.com/scl/fo/9tkykgorgakc6kq2s2wa2/AKYiUgHkBgJxv9rjoPZ6E1M/27?dl=0&rlkey=4fphhjfm73j0awk6xckj00dev&subfolder_nav_tracking=1	https://imagekit.io/dashboard/media-library/L05ldyBGb2xkZXIgMS83Nw
Cream 	Cream Straight-Fit Premium Cotton Trousers	Formal Pants	BL-TR-013	FIT:  Regular Fit  Available Sizes: S, M, L, XL,XXL	Elegant cream straight-fit trousers crafted from soft, breathable premium cotton	Classic Trouser straight Fit for Men - Regular Size	"Closure: Button and zip fly
Waist: Mid-rise
Pockets: multiple utility pockets
Length: Full length
Occasion: Formal/Semi-formal
Closure: Button and zip fly"	1549	550		https://www.dropbox.com/scl/fo/9tkykgorgakc6kq2s2wa2/AC3Bg7xTNF-Y-uWaMpLjvvk/8?dl=0&rlkey=4fphhjfm73j0awk6xckj00dev&subfolder_nav_tracking=1	https://imagekit.io/dashboard/media-library/L05ldyBGb2xkZXIgMS83Ng
Stone Beige	Stone Beige Straight-Fit Premium Cotton Trousers	Formal Pants	BL-TR-ASH-013	FIT:  Regular Fit  Available Sizes: S, M, L, XL,XXL	Classic stone beige straight-fit trousers crafted from premium, breathable cotton-perfect for smart-casual, office, and everyday wear.	Classic Trouser straight Fit for Men - Regular Size	"Closure: Button and zip fly
Waist: Mid-rise
Pockets: multiple utility pockets
Length: Full length
Occasion: Formal/Semi-formal
Closure: Button and zip fly"	1999	550		https://www.dropbox.com/scl/fo/9tkykgorgakc6kq2s2wa2/AJM4IXsqk4rW-lbmw06P270/16?dl=0&rlkey=4fphhjfm73j0awk6xckj00dev&subfolder_nav_tracking=1	https://imagekit.io/dashboard/media-library/L05ldyBGb2xkZXIgMS83OA
Black	Classic Black Straight-Fit Cotton Trousers	Formal Pants	BL-TR-BLACK-015	FIT:  Regular Fit  Available Sizes: S, M, L, XL,XXL	Timeless black straight-fit trousers crafted from soft, breathable cotton	Classic Trouser straight Fit for Men - Regular Size	"Closure: Button and zip fly
Waist: Mid-rise
Pockets: multiple utility pockets
Length: Full length
Occasion: Formal/Semi-formal
Closure: Button and zip fly"	1849	550		https://www.dropbox.com/scl/fo/9tkykgorgakc6kq2s2wa2/AGArPKnFLWPOezx_GNe_mdM/11?dl=0&rlkey=4fphhjfm73j0awk6xckj00dev&subfolder_nav_tracking=1	https://imagekit.io/dashboard/media-library/L05ldyBGb2xkZXIgMS83OQ
Grey	Slate Grey Smart-Fit Cotton Chinos	Formal Pants	BL-TR-GREY-015	FIT:  Regular Fit  Available Sizes: S, M, L, XL,XXL	Refined, versatile, and built for all-day comfort - these Slate Grey Smart-Fit Cotton Chinos are the perfect upgrade to your everyday wardrobe. Designed with a clean and polished finish, they offer the ideal balance of structure and flexibility.	Classic Trouser straight Fit for Men - Regular Size	"Closure: Button and zip fly
Waist: Mid-rise
Pockets: multiple utility pockets
Length: Full length
Occasion: Formal/Semi-formal
Closure: Button and zip fly"	1849	550		https://www.dropbox.com/scl/fo/9tkykgorgakc6kq2s2wa2/AOO1FOPrgsGTprWy8Wmk2iw/10?dl=0&rlkey=4fphhjfm73j0awk6xckj00dev&subfolder_nav_tracking=1	https://imagekit.io/dashboard/media-library/L05ldyBGb2xkZXIgMS84MA
Slate Blue	Sky Slate Blue Smart-Fit Cotton Chinos	Formal Pants	BL-TR-019	FIT:  Regular Fit  Available Sizes: S, M, L, XL,XXL	Stylish sky-slate blue chinos crafted from premium cotton with a sleek smart-fit—perfect for office wear, casual outings, and polished everyday looks.	Classic Trouser straight Fit for Men - Regular Size	"Closure: Button and zip fly
Waist: Mid-rise
Pockets: multiple utility pockets
Length: Full length
Occasion: Formal/Semi-formal
Closure: Button and zip fly"	2599	550		https://www.dropbox.com/scl/fo/9tkykgorgakc6kq2s2wa2/ANGx-RYk2SWM9EVQgfbYtWQ/6?dl=0&rlkey=4fphhjfm73j0awk6xckj00dev&subfolder_nav_tracking=1	https://imagekit.io/dashboard/media-library/L05ldyBGb2xkZXIgMS84MQ
Navy Blue	Navy Blue Smart-Fit Premium Cotton Chinos	Formal Pants	BL-TR-NAVY-015	FIT:  Regular Fit  Available Sizes: S, M, L, XL,XXL	Classic navy blue chinos crafted from premium cotton with a clean smart-fit—perfect for office wear, semi-formal looks, and everyday comfort.	Classic Trouser straight Fit for Men - Regular Size	"Closure: Button and zip fly
Waist: Mid-rise
Pockets: multiple utility pockets
Length: Full length
Occasion: Formal/Semi-formal
Closure: Button and zip fly"	1849	550		https://www.dropbox.com/scl/fo/9tkykgorgakc6kq2s2wa2/AGiPcf4t13jI6pEDKnVS_Qw/9?dl=0&rlkey=4fphhjfm73j0awk6xckj00dev&subfolder_nav_tracking=1	https://imagekit.io/dashboard/media-library/L05ldyBGb2xkZXIgMS84Mg
												
olive green	Striped formal shirt	New collection	BL-SH-6621-W/O-071	FIT:Regular fit   Available Sizes: S, M, L, XL,XXL	Men’s Olive Green & White Striped Cotton Shirt with Full Sleeves, Tailored Fit & Spread Collar	Classic Spread Collar 100% Cotton Casual Shirt – Regular Fit					https://www.dropbox.com/scl/fo/ylraozevb2eezy5bghge1/AC1PIX_y5618xlhQW83Lw6Q?rlkey=plpjrg5q8m814ifww8c38whmx&st=9gnyuilk&dl=0	https://imagekit.io/dashboard/media-library/L05ldyBQcm9kdWN0cy8xNg
Grey	Striped formal shirt	New collection	BL-SH-6621-W/O-071	FIT:Regular fit   Available Sizes: S, M, L, XL,XXL	Men’s Grey & White Striped Cotton Shirt with Full Sleeves, Tailored Fit & Spread Collar	Classic Spread Collar 100% Cotton Casual Shirt – Regular Fit					https://www.dropbox.com/scl/fo/vwc52cb4r2akcs0vxt38d/AAr5t8sfxBugv1LqkssRX78?rlkey=04dbla3w0juspaqn5llxu65bu&st=vrw50hcf&dl=0	https://imagekit.io/dashboard/media-library/L05ldyBQcm9kdWN0cy8xNA
Peach	Striped formal shirt	New collection	BL-SH-6621-W/O-071	FIT:Regular fit   Available Sizes: S, M, L, XL,XXL	Men’s Peach & Cream Checked Cotton Shirt with Full Sleeves, Tailored Fit & Spread Collar	Classic Spread Collar 100% Cotton Casual Shirt – Regular Fit					https://www.dropbox.com/scl/fo/etsfxi22pr34s20ftqove/AG2BQkgKH_0bnyYDdHAvK4c?rlkey=dsgmeisvi19w24okh6rmzqnlv&st=zr4oaopi&dl=0	https://imagekit.io/dashboard/media-library/L05ldyBQcm9kdWN0cy8xNQ
Red	Striped formal shirt	New collection	BL-SH-6621-W/O-071	FIT:Regular fit   Available Sizes: S, M, L, XL,XXL	Men’s Red & White Striped Cotton Shirt with Full Sleeves, Tailored Fit & Spread Collar	Classic Spread Collar 100% Cotton Casual Shirt – Regular Fit					https://www.dropbox.com/scl/fo/ao6ed0urlht4zic79cilg/ANCN1Zawu50iBKB6GTQrHDk?rlkey=70mhgbjf84vuuibnteeu0nzu4&st=swg2233k&dl=0	https://imagekit.io/dashboard/media-library/L05ldyBQcm9kdWN0cy8xMw
Blue 	Striped formal shirt	New collection	BL-SH-6621-W/O-071	FIT:Regular fit   Available Sizes: S, M, L, XL,XXL	Men’s Blue & White Striped Cotton Shirt with Full Sleeves, Tailored Fit & Spread Collar	Classic Spread Collar 100% Cotton Casual Shirt – Regular Fit					https://www.dropbox.com/scl/fo/xlh2hdxulappjkb0hvrgi/AMcU5VP9mHLs0kHYv0jah-A?rlkey=puq5ea89uhf4g8t7806rettxy&st=1anprmf5&dl=0	https://imagekit.io/dashboard/media-library/L05ldyBQcm9kdWN0cy8xNw
Grey	Knitted Half Sleevs shirt	Summer Collections	BL-SH-6613	m.l,xl	Men’s Grey Striped Knitted Shirt with Half Sleeves, Tailored Fit & Resort Collar	Premium Knitted Striped Casual Shirt with Resort Collar – Regular Fit		1999	320		https://www.dropbox.com/scl/fo/y8bekoql4ihnlgvnb3us1/AP800pf4REhOZTDOa4FcEF8?rlkey=fcsoup1c1ctlf5nak9gbvg8b9&st=9hqocf7l&dl=0	https://imagekit.io/dashboard/media-library/L05ldyBQcm9kdWN0cy8yNA
Blue 	Knitted Half Sleeve shirt	Summer Collections	BL-SH-6613	m.l,xl	Men’s Steel Blue Striped Knitted Shirt with Half Sleeves, Tailored Fit & Resort Collar	Premium Knitted Striped Casual Shirt with Resort Collar – Regular Fit		1999	320		https://www.dropbox.com/scl/fo/56l28sfb73qm5hao1lcsl/AAPA21XoFTPd8JWxCMA8zLw?rlkey=t2segey1zy2qhz95skw6a8of4&st=1wxjq2i7&dl=0	https://imagekit.io/dashboard/media-library/L05ldyBQcm9kdWN0cy8yMw
Sage Green	Cotton Half Sleeve shirt	Summer Collections	BL-SH-6621		Men’s Sage Green Striped Cotton Shirt with Half Sleeves, Tailored Fit & Resort Collar	Premium Cotton Striped Casual Shirt with Resort Collar – Regular Fit			320		https://www.dropbox.com/scl/fo/qxcrf3h0696f7gyjds7yi/AChr-4-E09wadobm5nQWO80?rlkey=swvefowlm51cte0bosp5x5fip&st=53a6gxhf&dl=0	https://imagekit.io/dashboard/media-library/L05ldyBQcm9kdWN0cy8yMQ
Sky Blue	Cotton Half Sleeve shirt	Summer Collections	BL-SH-6621		Men’s Sky Blue Striped Cotton Shirt with Half Sleeves, Tailored Fit & Resort Collar	Premium Cotton Striped Casual Shirt with Resort Collar – Regular Fit					https://www.dropbox.com/scl/fo/v4v8b3y2dw6waov8nfzbj/AJg79nHwa3_bD85gyUL5cuA?rlkey=km6tadzsylnge5su160255rc2&st=5z7z1vsd&dl=0	https://imagekit.io/dashboard/media-library/L05ldyBQcm9kdWN0cy8yMg
Sky Blue	Half sleeve solid shirt	Summer Collections	BL-SH-6621	M,L,XL,XXL	Men’s Sky Blue Solid Cotton Shirt with Half Sleeves, Tailored Fit & Spread Collar	Classic Spread Collar 100% Cotton Casual Shirt – Regular Fit		2049	320		https://www.dropbox.com/scl/fo/vm32kusboxp6ldwhuwyvh/AJiMiedR7QNgw6iuUv6aNZI?rlkey=sloqfccskoesjobzt7moxs0bz&st=dpfzi77c&dl=0	https://imagekit.io/dashboard/media-library/L05ldyBQcm9kdWN0cy8yMA
Peach	prited half shirt	Summer Collections	BL-SH-6621	M,L,XL	Men’s Peach Micro Print Cotton Shirt with Half Sleeves, Tailored Fit & Spread Collar	Classic Half Sleeve Printed Cotton Casual Shirt – Regular Fit		2599	320		https://www.dropbox.com/scl/fo/o8zfd9tkyxx0e1o2rav91/AJxfbMNrCkS7P6KP_ap7g8M?rlkey=iihwzqjxbrwyzwmvh6e4iq4iw&st=bb6j5oyu&dl=0	https://imagekit.io/dashboard/media-library/L05ldyBQcm9kdWN0cy8xOQ
Sky blue	prited half shirt	Summer Collections	BL-SH-6621	M,L,XL	Men’s Sky Blue Micro Print Cotton Shirt with Half Sleeves, Tailored Fit & Spread Collar	Classic Half Sleeve Printed Cotton Casual Shirt – Regular Fit			300		https://www.dropbox.com/scl/fo/d6ahokqjz16rhv30gqjd6/AJ8XHVEog-R8POZJDiyMlZ0?rlkey=8iskjaq0fspc6oo33h91yag4b&st=xvy2skko&dl=0	https://imagekit.io/dashboard/media-library/L05ldyBQcm9kdWN0cy8xOA
